,Unnamed: 0,County,State,Year,Population,Pop_percent_change,Fatalities,intensity,Hospitals,estimated_yield,Population_Percent_Child,Population_Percent_Female,Poverty_Rate,Airport
0,0,Abiemnhom,Unity,2011,19393,0,0,0,0,15,0.5277,0.5003,0.53,0
1,1,Akobo,Jonglei,2011,157474,0,1,0.063502546,0,39500,0.5063,0.5114,0.52,small_airport
2,2,Aweil Centre,Northern Bahr el Ghazal,2011,49174,0,0,0,6,143810.86,0.5897,0.4962,0.76,small_airport
3,3,Aweil East,Northern Bahr el Ghazal,2011,353806,0,0,0,21,89617.614,0.5946,0.5288,0.75,0
4,4,Aweil North,Northern Bahr el Ghazal,2011,146303,0,0,0,22,57690.84,0.5856,0.5275,0.77,0
5,5,Aweil South,Northern Bahr el Ghazal,2011,88968,0,0,0,6,78502,0.5441,0.5218,0.82,0
6,6,Aweil West,Northern Bahr el Ghazal,2011,192775,0,91,4.720529114,16,72439.62,0.602,0.5112,0.67,0
7,7,Awerial,Lakes,2011,54304,0,0,0,1,22105.4,0.5854,0.513,0.48,0
8,8,Ayod,Jonglei,2011,160224,0,3,0.187237867,0,13304,0.5037,0.5032,0.62,0
9,9,Baliet,Upper Nile,2011,55185,0,157,28.4497599,0,0,0.611,0.4644,0.32,0
10,10,Bor South,Jonglei,2011,254833,0,52,2.040552048,11,87516.84,0.5447,0.4924,0.5,small_airport
11,11,Budi,Eastern Equatoria,2011,112472,0,0,0,13,37500,0.5634,0.5293,0.57,0
12,12,Canal/Pigi,Jonglei,2011,113996,0,2,0.175444752,0,0,0.4499,0.5086,0.44,0
13,13,Cueibet,Lakes,2011,135731,0,0,0,0,49743,0.547,0.4728,0.49,0
14,14,Duk,Jonglei,2011,75510,0,1,0.13243279,2,16709.7,0.5428,0.5002,0.54,0
15,15,Ezo,Western Equatoria,2011,88703,0,0,0,7,14527.9,0.5013,0.5319,0.45,0
16,16,Fangak,Jonglei,2011,126285,0,0,0,0,0,0.5839,0.4698,0.55,0
17,16,Fangak,Jonglei,2011,126285,0,0,0,0,819.98,0.5839,0.4698,0.55,0
18,17,Fashoda,Upper Nile,2011,41827,0,0,0,1,5900,0.545,0.531,0.21,0
19,18,Gogrial East,Warrap,2011,119998,0,0,0,13,21100,0.5588,0.4879,0.64,0
20,19,Gogrial West,Warrap,2011,277400,0,0,0,12,49305.6,0.558,0.4828,0.63,0
21,20,Guit,Unity,2011,38669,0,0,0,0,0,0.592,0.5118,0.75,0
22,21,Ibba,Western Equatoria,2011,48029,0,0,0,5,11670,0.5326,0.4638,0.44,small_airport
23,22,Ikotos,Eastern Equatoria,2011,96712,0,0,0,12,33300,0.5351,0.5271,0.46,0
24,23,Juba,Central Equatoria,2011,427675,0,0,0,33,9802.14,0.4844,0.5165,0.36,large_airport
25,24,Jur River,Western Bahr el Ghazal,2011,147187,0,0,0,23,203479.66,0.5908,0.5256,0.6,0
26,25,Kajo-keji,Central Equatoria,2011,225423,0,0,0,26,67082.3,0.162,0.4712,0.45,small_airport
27,26,Kapoeta East,Eastern Equatoria,2011,208329,0,0,0,7,190235,0.5607,0.4842,0.46,small_airport
28,27,Kapoeta North,Eastern Equatoria,2011,117577,0,0,0,4,11803.8,0.595,0.4827,0.58,0
29,28,Kapoeta South,Eastern Equatoria,2011,91634,0,0,0,0,17083.9,0.6188,0.49894,0.47,small_airport
30,28,Kapoeta South,Eastern Equatoria,2011,91634,0,0,0,0,17083.9,0.6188,0.49894,0.47,small_airport
31,29,Koch,Unity,2011,83821,0,0,0,0,6009.2,0.532,0.5451,0.67,0
32,30,Lafon,Eastern Equatoria,2011,121194,0,0,0,1,5600,0.586,0.536,0.49,0
33,31,Lainya,Central Equatoria,2011,102702,0,0,0,14,104200,0.42,0.472,0.44,0
34,32,Leer,Unity,2011,61624,0,0,0,0,0,0.5245,0.5321,0.72,0
35,33,Longochuk,Upper Nile,2011,72816,0,0,0,0,30179,0.5527,0.5065,0.31,0
36,34,Luakpiny/Nasir,Upper Nile,2011,241638,0,0,0,0,34943,0.5795,0.5293,0.32,0
37,35,Maban,Upper Nile,2011,52393,0,0,0,0,70,0.5768,0.5001,0.26,0
38,36,Magwi,Eastern Equatoria,2011,192396,0,0,0,12,7930.14,0.5335,0.487,0.36,small_airport
39,37,Maiwut,Upper Nile,2011,90542,0,0,0,0,0,0.5452,0.4675,0.27,0
40,38,Malakal,Upper Nile,2011,145651,0,0,0,0,0,0.232,0.4044,0.12,medium_airport
41,39,Manyo,Upper Nile,2011,44965,0,157,34.91604581,0,0,0.4153,0.4881,0.19,0
42,40,Maridi,Western Equatoria,2011,94480,0,0,0,19,31861.36,0.5102,0.5351,0.35,small_airport
43,41,Mayendit,Unity,2011,63679,0,0,0,0,14512.32,0.5528,0.4934,0.77,0
44,42,Mayom,Unity,2011,138494,0,95,6.859502939,0,81.5,0.5719,0.5077,0.73,0
45,43,Melut,Upper Nile,2011,56391,0,0,0,0,0,0.6177,0.4976,0.21,0
46,44,Morobo,Central Equatoria,2011,116517,0,2,0.171648772,6,11160,0.5275,0.4899,0.41,0
47,45,Mundri East,Western Equatoria,2011,55635,0,0,0,0,4680,0.4707,0.4727,0.45,0
48,46,Mundri West,Western Equatoria,2011,38743,0,0,0,8,38004,0.566,0.4822,0.54,small_airport
49,47,Mvolo,Western Equatoria,2011,55412,0,0,0,9,33842.5,0.5574,0.4886,0.53,small_airport
50,48,Nagero,Western Equatoria,2011,11509,0,0,0,2,1793.1,0.438,0.51944,0.49,0
51,49,Nyirol,Jonglei,2011,124604,0,0,0,0,12810,0.5759,0.504,0.43,0
52,50,Nzara,Western Equatoria,2011,75399,0,0,0,8,23950.45,0.5421,0.5175,0.37,small_airport
53,51,Panyijiar,Unity,2011,58250,0,0,0,0,122034.3,0.5827,0.50005,0.7,0
54,52,Panyikang,Upper Nile,2011,52275,0,0,0,0,0,0.237,0.4184,0.21,0
55,53,Pariang,Unity,2011,95233,0,0,0,0,0,0.5563,0.5024,0.74,0
56,54,Pibor,Jonglei,2011,171159,0,180,10.51653725,0,9680,0.547,0.5222,0.44,small_airport
57,55,Pochalla,Jonglei,2011,72005,0,0,0,0,18.8,0.6082,0.55756,0.56,small_airport
58,56,Raga,Western Bahr el Ghazal,2011,54000,0,40,7.407407407,8,105686.15,0.5616,0.4897,0.4,small_airport
59,57,Renk,Upper Nile,2011,157397,0,0,0,0,0,0.5837,0.4701,0.22,medium_airport
60,57,Renk,Upper Nile,2011,157397,0,0,0,0,0,0.5837,0.4701,0.22,small_airport
61,58,Rubkona,Unity,2011,114464,0,2,0.174727425,0,10000,0.5294,0.5059,0.5,small_airport
62,59,Rumbek Centre,Lakes,2011,176247,0,0,0,0,158437,0.5838,0.4916,0.44,small_airport
63,60,Rumbek East,Lakes,2011,138746,0,0,0,0,186990,0.5579,0.5095,0.46,0
64,61,Rumbek North,Lakes,2011,50027,0,0,0,0,1810.3,0.6121,0.5188,0.57,0
65,62,Tambura,Western Equatoria,2011,61429,0,0,0,8,19559.8,0.5226,0.525,0.36,small_airport
66,63,Terekeka,Central Equatoria,2011,161675,0,0,0,23,25817.7,0.5166,0.5185,0.69,0
67,64,Tonj East,Warrap,2011,133808,0,0,0,8,57492.7,0.5684,0.4503,0.67,0
68,65,Tonj North,Warrap,2011,188907,0,0,0,8,64348.8,0.5137,0.5101,0.67,0
69,66,Tonj South,Warrap,2011,99998,0,0,0,8,53108.8,0.5357,0.4849,0.56,small_airport
70,67,Torit,Eastern Equatoria,2011,114965,0,0,0,14,10117.5,0.555,0.536,0.39,small_airport
71,68,Twic,Warrap,2011,235756,0,0,0,14,11156,0.5655,0.5091,0.63,0
72,69,Twic East,Jonglei,2011,97806,0,0,0,0,38802.5,0.4821,0.5531,0.5,0
73,70,Ulang,Upper Nile,2011,101644,0,0,0,0,39.2,0.5132,0.5208,0.38,0
74,71,Uror,Jonglei,2011,205686,0,1832,89.06780238,0,7737.438,0.5946,0.5168,0.4,0
75,72,Wau,Western Bahr el Ghazal,2011,174346,0,0,0,23,512211.77,0.5672,0.53214,0.41,medium_airport
76,73,Wulu,Lakes,2011,48154,0,0,0,0,17319.3,0.5521,0.4763,0.4,0
77,74,Yambio,Western Equatoria,2011,174817,0,0,0,27,122764.01,0.5201,0.4917,0.38,small_airport
78,75,Yei,Central Equatoria,2011,231202,0,0,0,26,49380,0.5508,0.533,0.34,small_airport
79,76,Yirol East,Lakes,2011,76659,0,0,0,0,15400,0.534,0.5044,0.53,0
80,77,Yirol West,Lakes,2011,121166,0,0,0,0,84600,0.5392,0.503,0.51,small_airport
81,78,Abiemnhom,Unity,2012,21754,0.108531764,7,3.217799025,0,15,0.5277,0.5003,0.53,0
82,79,Akobo,Jonglei,2012,176578,0.108190148,98,5.549955261,0,39500,0.5063,0.5114,0.52,small_airport
83,80,Aweil Centre,Northern Bahr el Ghazal,2012,55547,0.114731669,0,0,6,143810.86,0.5897,0.4962,0.76,small_airport
84,81,Aweil East,Northern Bahr el Ghazal,2012,398384,0.111897064,15,0.376521145,21,89617.614,0.5946,0.5288,0.75,0
85,82,Aweil North,Northern Bahr el Ghazal,2012,164515,0.110701152,1,0.060784731,22,57690.84,0.5856,0.5275,0.77,0
86,83,Aweil South,Northern Bahr el Ghazal,2012,96885,0.081715436,0,0,6,78502,0.5441,0.5218,0.82,0
87,84,Aweil West,Northern Bahr el Ghazal,2012,216977,0.111541776,28,1.290459357,16,72439.62,0.602,0.5112,0.67,0
88,85,Awerial,Lakes,2012,61085,0.111009249,0,0,1,22105.4,0.5854,0.513,0.48,0
89,86,Ayod,Jonglei,2012,180291,0.111303393,0,0,0,13304,0.5037,0.5032,0.62,0
90,87,Baliet,Upper Nile,2012,62144,0.111981849,0,0,0,0,0.611,0.4644,0.32,0
91,88,Bor South,Jonglei,2012,286742,0.111281221,72,2.510968048,11,87516.84,0.5447,0.4924,0.5,small_airport
92,89,Budi,Eastern Equatoria,2012,126546,0.111216475,0,0,13,37500,0.5634,0.5293,0.57,0
93,90,Canal/Pigi,Jonglei,2012,128253,0.111163092,0,0,0,0,0.4499,0.5086,0.44,0
94,91,Cueibet,Lakes,2012,152721,0.111248617,16,1.047662077,0,49743,0.547,0.4728,0.49,0
95,92,Duk,Jonglei,2012,84968,0.111312494,88,10.35684022,2,16709.7,0.5428,0.5002,0.54,0
96,93,Ezo,Western Equatoria,2012,99557,0.109022972,0,0,7,14527.9,0.5013,0.5319,0.45,0
97,94,Fangak,Jonglei,2012,142104,0.111319878,0,0,0,0,0.5839,0.4698,0.55,0
98,94,Fangak,Jonglei,2012,142104,0.111319878,0,0,0,819.98,0.5839,0.4698,0.55,0
99,95,Fashoda,Upper Nile,2012,47046,0.11093398,0,0,1,5900,0.545,0.531,0.21,0
100,96,Gogrial East,Warrap,2012,135036,0.111362896,0,0,13,21100,0.5588,0.4879,0.64,0
101,97,Gogrial West,Warrap,2012,315068,0.119555144,0,0,12,49305.6,0.558,0.4828,0.63,0
102,98,Guit,Unity,2012,43510,0.111261779,0,0,0,0,0.592,0.5118,0.75,0
103,99,Ibba,Western Equatoria,2012,54036,0.11116663,0,0,5,11670,0.5326,0.4638,0.44,small_airport
104,100,Ikotos,Eastern Equatoria,2012,108840,0.111429621,0,0,12,33300,0.5351,0.5271,0.46,0
105,101,Juba,Central Equatoria,2012,481255,0.111333908,8,0.166232039,33,9802.14,0.4844,0.5165,0.36,large_airport
106,102,Jur River,Western Bahr el Ghazal,2012,165585,0.111109098,0,0,23,203479.66,0.5908,0.5256,0.6,0
107,103,Kajo-keji,Central Equatoria,2012,253671,0.111356836,0,0,26,67082.3,0.162,0.4712,0.45,small_airport
108,104,Kapoeta East,Eastern Equatoria,2012,230469,0.096064981,1,0.043389783,7,190235,0.5607,0.4842,0.46,small_airport
109,105,Kapoeta North,Eastern Equatoria,2012,132319,0.111412571,0,0,4,11803.8,0.595,0.4827,0.58,0
110,106,Kapoeta South,Eastern Equatoria,2012,103096,0.111177931,0,0,0,17083.9,0.6188,0.49894,0.47,small_airport
111,106,Kapoeta South,Eastern Equatoria,2012,103096,0.111177931,0,0,0,17083.9,0.6188,0.49894,0.47,small_airport
112,107,Koch,Unity,2012,94205,0.110227695,0,0,0,6009.2,0.532,0.5451,0.67,0
113,108,Lafon,Eastern Equatoria,2012,136475,0.111969225,0,0,1,5600,0.586,0.536,0.49,0
114,109,Lainya,Central Equatoria,2012,115549,0.111182269,0,0,14,104200,0.42,0.472,0.44,0
115,110,Leer,Unity,2012,69343,0.111316211,0,0,0,0,0.5245,0.5321,0.72,0
116,111,Longochuk,Upper Nile,2012,81974,0.11171835,0,0,0,30179,0.5527,0.5065,0.31,0
117,112,Luakpiny/Nasir,Upper Nile,2012,271871,0.111203475,0,0,0,34943,0.5795,0.5293,0.32,0
118,113,Maban,Upper Nile,2012,58958,0.111350453,0,0,0,70,0.5768,0.5001,0.26,0
119,114,Magwi,Eastern Equatoria,2012,216417,0.110994053,0,0,12,7930.14,0.5335,0.487,0.36,small_airport
120,115,Maiwut,Upper Nile,2012,100381,0.098016557,0,0,0,0,0.5452,0.4675,0.27,0
121,116,Malakal,Upper Nile,2012,163885,0.111260945,21,1.281386338,0,0,0.232,0.4044,0.12,medium_airport
122,117,Manyo,Upper Nile,2012,50368,0.107270489,0,0,0,0,0.4153,0.4881,0.19,0
123,118,Maridi,Western Equatoria,2012,106293,0.111136199,0,0,19,31861.36,0.5102,0.5351,0.35,small_airport
124,119,Mayendit,Unity,2012,71746,0.112438324,0,0,0,14512.32,0.5528,0.4934,0.77,0
125,120,Mayom,Unity,2012,155843,0.111323576,2,0.128334285,0,81.5,0.5719,0.5077,0.73,0
126,121,Melut,Upper Nile,2012,63385,0.110341563,0,0,0,0,0.6177,0.4976,0.21,0
127,122,Morobo,Central Equatoria,2012,129327,0.099051242,0,0,6,11160,0.5275,0.4899,0.41,0
128,123,Mundri East,Western Equatoria,2012,62599,0.111247784,0,0,0,4680,0.4707,0.4727,0.45,0
129,124,Mundri West,Western Equatoria,2012,43601,0.111419463,0,0,8,38004,0.566,0.4822,0.54,small_airport
130,125,Mvolo,Western Equatoria,2012,62336,0.111075462,0,0,9,33842.5,0.5574,0.4886,0.53,small_airport
131,126,Nagero,Western Equatoria,2012,12952,0.111411365,0,0,2,1793.1,0.438,0.51944,0.49,0
132,127,Nyirol,Jonglei,2012,140200,0.111241084,38,2.710413695,0,12810,0.5759,0.504,0.43,0
133,128,Nzara,Western Equatoria,2012,84792,0.11077696,0,0,8,23950.45,0.5421,0.5175,0.37,small_airport
134,129,Panyijiar,Unity,2012,65548,0.111338256,15,2.288399341,0,122034.3,0.5827,0.50005,0.7,0
135,130,Panyikang,Upper Nile,2012,58800,0.110969388,0,0,0,0,0.237,0.4184,0.21,0
136,131,Pariang,Unity,2012,107082,0.110653518,30,2.801591304,0,0,0.5563,0.5024,0.74,0
137,132,Pibor,Jonglei,2012,192334,0.110094939,3188,165.7533249,0,9680,0.547,0.5222,0.44,small_airport
138,133,Pochalla,Jonglei,2012,80749,0.108286171,0,0,0,18.8,0.6082,0.55756,0.56,small_airport
139,134,Raga,Western Bahr el Ghazal,2012,62164,0.13133003,3,0.482594428,8,105686.15,0.5616,0.4897,0.4,small_airport
140,135,Renk,Upper Nile,2012,177361,0.112561386,43,2.424433782,0,0,0.5837,0.4701,0.22,medium_airport
141,135,Renk,Upper Nile,2012,177361,0.112561386,43,2.424433782,0,0,0.5837,0.4701,0.22,small_airport
142,136,Rubkona,Unity,2012,128801,0.111311248,259,20.10853953,0,10000,0.5294,0.5059,0.5,small_airport
143,137,Rumbek Centre,Lakes,2012,198303,0.111223733,19,0.958129731,0,158437,0.5838,0.4916,0.44,small_airport
144,138,Rumbek East,Lakes,2012,156131,0.111348803,0,0,0,186990,0.5579,0.5095,0.46,0
145,139,Rumbek North,Lakes,2012,56297,0.111373608,0,0,0,1810.3,0.6121,0.5188,0.57,0
146,140,Tambura,Western Equatoria,2012,69040,0.11024044,0,0,8,19559.8,0.5226,0.525,0.36,small_airport
147,141,Terekeka,Central Equatoria,2012,181935,0.111358452,0,0,23,25817.7,0.5166,0.5185,0.69,0
148,142,Tonj East,Warrap,2012,150542,0.111158348,0,0,8,57492.7,0.5684,0.4503,0.67,0
149,143,Tonj North,Warrap,2012,212571,0.111322805,40,1.881724224,8,64348.8,0.5137,0.5101,0.67,0
150,144,Tonj South,Warrap,2012,112512,0.111223692,112,9.954493743,8,53108.8,0.5357,0.4849,0.56,small_airport
151,145,Torit,Eastern Equatoria,2012,129260,0.110591057,1,0.077363454,14,10117.5,0.555,0.536,0.39,small_airport
152,146,Twic,Warrap,2012,264878,0.109944956,0,0,14,11156,0.5655,0.5091,0.63,0
153,147,Twic East,Jonglei,2012,110053,0.111282746,14,1.272114345,0,38802.5,0.4821,0.5531,0.5,0
154,148,Ulang,Upper Nile,2012,113498,0.104442369,0,0,0,39.2,0.5132,0.5208,0.38,0
155,149,Uror,Jonglei,2012,231427,0.111227298,68,2.938291556,0,7737.438,0.5946,0.5168,0.4,0
156,150,Wau,Western Bahr el Ghazal,2012,196118,0.111014797,52,2.651464934,23,512211.77,0.5672,0.53214,0.41,medium_airport
157,151,Wulu,Lakes,2012,54182,0.11125466,0,0,0,17319.3,0.5521,0.4763,0.4,0
158,152,Yambio,Western Equatoria,2012,196781,0.111616467,0,0,27,122764.01,0.5201,0.4917,0.38,small_airport
159,153,Yei,Central Equatoria,2012,259388,0.108663469,0,0,26,49380,0.5508,0.533,0.34,small_airport
160,154,Yirol East,Lakes,2012,86254,0.111241218,0,0,0,15400,0.534,0.5044,0.53,0
161,155,Yirol West,Lakes,2012,136337,0.111275736,0,0,0,84600,0.5392,0.503,0.51,small_airport
162,156,Abiemnhom,Unity,2013,23203,0.062448821,8,3.447830022,0,15,0.5277,0.5003,0.53,0
163,157,Akobo,Jonglei,2013,184131,0.041019709,90,4.887824429,0,39500,0.5063,0.5114,0.52,small_airport
164,158,Aweil Centre,Northern Bahr el Ghazal,2013,56193,0.011496094,0,0,6,143810.86,0.5897,0.4962,0.76,small_airport
165,159,Aweil East,Northern Bahr el Ghazal,2013,417754,0.046367001,51,1.220814163,21,89617.614,0.5946,0.5288,0.75,0
166,160,Aweil North,Northern Bahr el Ghazal,2013,174104,0.055076276,0,0,22,57690.84,0.5856,0.5275,0.77,0
167,161,Aweil South,Northern Bahr el Ghazal,2013,98279,0.014184109,6,0.610506822,6,78502,0.5441,0.5218,0.82,0
168,162,Aweil West,Northern Bahr el Ghazal,2013,222849,0.026349681,6,0.269240607,16,72439.62,0.602,0.5112,0.67,0
169,163,Awerial,Lakes,2013,63785,0.042329701,0,0,1,22105.4,0.5854,0.513,0.48,0
170,164,Ayod,Jonglei,2013,188978,0.045968314,2,0.105832425,0,13304,0.5037,0.5032,0.62,0
171,165,Baliet,Upper Nile,2013,65759,0.054973464,1,0.152070439,0,0,0.611,0.4644,0.32,0
172,166,Bor South,Jonglei,2013,299291,0.041929092,128,4.276774109,11,87516.84,0.5447,0.4924,0.5,small_airport
173,167,Budi,Eastern Equatoria,2013,132341,0.043788395,7,0.528936611,13,37500,0.5634,0.5293,0.57,0
174,168,Canal/Pigi,Jonglei,2013,134130,0.043815701,0,0,0,0,0.4499,0.5086,0.44,0
175,169,Cueibet,Lakes,2013,159384,0.041804698,0,0,0,49743,0.547,0.4728,0.49,0
176,170,Duk,Jonglei,2013,88150,0.036097561,30,3.403289847,2,16709.7,0.5428,0.5002,0.54,0
177,171,Ezo,Western Equatoria,2013,104202,0.04457688,2,0.191934896,7,14527.9,0.5013,0.5319,0.45,0
178,172,Fangak,Jonglei,2013,149169,0.047362388,4,0.26815223,0,0,0.5839,0.4698,0.55,0
179,172,Fangak,Jonglei,2013,149169,0.047362388,4,0.26815223,0,819.98,0.5839,0.4698,0.55,0
180,173,Fashoda,Upper Nile,2013,49354,0.046764193,0,0,1,5900,0.545,0.531,0.21,0
181,174,Gogrial East,Warrap,2013,138677,0.026255255,0,0,13,21100,0.5588,0.4879,0.64,0
182,175,Gogrial West,Warrap,2013,330746,0.047401934,11,0.332581498,12,49305.6,0.558,0.4828,0.63,0
183,176,Guit,Unity,2013,46612,0.066549386,0,0,0,0,0.592,0.5118,0.75,0
184,177,Ibba,Western Equatoria,2013,56354,0.041132839,0,0,5,11670,0.5326,0.4638,0.44,small_airport
185,178,Ikotos,Eastern Equatoria,2013,115576,0.058281996,0,0,12,33300,0.5351,0.5271,0.46,0
186,179,Juba,Central Equatoria,2013,502333,0.041960214,2105,41.90447373,33,9802.14,0.4844,0.5165,0.36,large_airport
187,180,Jur River,Western Bahr el Ghazal,2013,172891,0.042257839,0,0,23,203479.66,0.5908,0.5256,0.6,0
188,181,Kajo-keji,Central Equatoria,2013,266129,0.046811884,1,0.037575762,26,67082.3,0.162,0.4712,0.45,small_airport
189,182,Kapoeta East,Eastern Equatoria,2013,246799,0.066167205,0,0,7,190235,0.5607,0.4842,0.46,small_airport
190,183,Kapoeta North,Eastern Equatoria,2013,138111,0.041937282,0,0,4,11803.8,0.595,0.4827,0.58,0
191,184,Kapoeta South,Eastern Equatoria,2013,107634,0.042161399,5,0.464537228,0,17083.9,0.6188,0.49894,0.47,small_airport
192,184,Kapoeta South,Eastern Equatoria,2013,107634,0.042161399,5,0.464537228,0,17083.9,0.6188,0.49894,0.47,small_airport
193,185,Koch,Unity,2013,102917,0.084650738,8,0.777325418,0,6009.2,0.532,0.5451,0.67,0
194,186,Lafon,Eastern Equatoria,2013,142325,0.041103109,0,0,1,5600,0.586,0.536,0.49,0
195,187,Lainya,Central Equatoria,2013,120778,0.043294309,0,0,14,104200,0.42,0.472,0.44,0
196,188,Leer,Unity,2013,71451,0.029502736,0,0,0,0,0.5245,0.5321,0.72,0
197,189,Longochuk,Upper Nile,2013,87497,0.063122164,0,0,0,30179,0.5527,0.5065,0.31,0
198,190,Luakpiny/Nasir,Upper Nile,2013,285009,0.04609679,0,0,0,34943,0.5795,0.5293,0.32,0
199,191,Maban,Upper Nile,2013,58492,-0.007966901,0,0,0,70,0.5768,0.5001,0.26,0
200,192,Magwi,Eastern Equatoria,2013,227170,0.047334595,1,0.044019897,12,7930.14,0.5335,0.487,0.36,small_airport
201,193,Maiwut,Upper Nile,2013,108610,0.075766504,0,0,0,0,0.5452,0.4675,0.27,0
202,194,Malakal,Upper Nile,2013,171238,0.042940235,102,5.956621778,0,0,0.232,0.4044,0.12,medium_airport
203,195,Manyo,Upper Nile,2013,49112,-0.025574198,0,0,0,0,0.4153,0.4881,0.19,0
204,196,Maridi,Western Equatoria,2013,111317,0.04513237,0,0,19,31861.36,0.5102,0.5351,0.35,small_airport
205,197,Mayendit,Unity,2013,69668,-0.02982718,0,0,0,14512.32,0.5528,0.4934,0.77,0
206,198,Mayom,Unity,2013,163000,0.043907975,8,0.490797546,0,81.5,0.5719,0.5077,0.73,0
207,199,Melut,Upper Nile,2013,66491,0.046713089,0,0,0,0,0.6177,0.4976,0.21,0
208,200,Morobo,Central Equatoria,2013,136376,0.05168798,0,0,6,11160,0.5275,0.4899,0.41,0
209,201,Mundri East,Western Equatoria,2013,65335,0.041876483,0,0,0,4680,0.4707,0.4727,0.45,0
210,202,Mundri West,Western Equatoria,2013,45521,0.042178335,0,0,8,38004,0.566,0.4822,0.54,small_airport
211,203,Mvolo,Western Equatoria,2013,65062,0.041898497,0,0,9,33842.5,0.5574,0.4886,0.53,small_airport
212,204,Nagero,Western Equatoria,2013,13516,0.041728322,0,0,2,1793.1,0.438,0.51944,0.49,0
213,205,Nyirol,Jonglei,2013,147274,0.048032918,3,0.203701943,0,12810,0.5759,0.504,0.43,0
214,206,Nzara,Western Equatoria,2013,88683,0.043875376,0,0,8,23950.45,0.5421,0.5175,0.37,small_airport
215,207,Panyijiar,Unity,2013,68468,0.04264766,14,2.044750833,0,122034.3,0.5827,0.50005,0.7,0
216,208,Panyikang,Upper Nile,2013,59991,0.019852978,0,0,0,0,0.237,0.4184,0.21,0
217,209,Pariang,Unity,2013,111231,0.037300752,53,4.764858717,0,0,0.5563,0.5024,0.74,0
218,210,Pibor,Jonglei,2013,201034,0.043276262,811,40.34143478,0,9680,0.547,0.5222,0.44,small_airport
219,211,Pochalla,Jonglei,2013,89708,0.099868462,0,0,0,18.8,0.6082,0.55756,0.56,small_airport
220,212,Raga,Western Bahr el Ghazal,2013,64335,0.03374524,33,5.129400793,8,105686.15,0.5616,0.4897,0.4,small_airport
221,213,Renk,Upper Nile,2013,183601,0.033986743,22,1.198250554,0,0,0.5837,0.4701,0.22,medium_airport
222,213,Renk,Upper Nile,2013,183601,0.033986743,22,1.198250554,0,0,0.5837,0.4701,0.22,small_airport
223,214,Rubkona,Unity,2013,135220,0.047470788,358,26.47537347,0,10000,0.5294,0.5059,0.5,small_airport
224,215,Rumbek Centre,Lakes,2013,207053,0.042259711,129,6.230288863,0,158437,0.5838,0.4916,0.44,small_airport
225,216,Rumbek East,Lakes,2013,162798,0.040952592,0,0,0,186990,0.5579,0.5095,0.46,0
226,217,Rumbek North,Lakes,2013,58599,0.039283947,1,0.170651376,0,1810.3,0.6121,0.5188,0.57,0
227,218,Tambura,Western Equatoria,2013,72162,0.043263768,1,0.13857709,8,19559.8,0.5226,0.525,0.36,small_airport
228,219,Terekeka,Central Equatoria,2013,189872,0.041801845,0,0,23,25817.7,0.5166,0.5185,0.69,0
229,220,Tonj East,Warrap,2013,157054,0.041463446,0,0,8,57492.7,0.5684,0.4503,0.67,0
230,221,Tonj North,Warrap,2013,227069,0.063848434,138,6.077447824,8,64348.8,0.5137,0.5101,0.67,0
231,222,Tonj South,Warrap,2013,117813,0.044995035,30,2.546408291,8,53108.8,0.5357,0.4849,0.56,small_airport
232,223,Torit,Eastern Equatoria,2013,135055,0.042908445,16,1.184702529,14,10117.5,0.555,0.536,0.39,small_airport
233,224,Twic,Warrap,2013,276077,0.04056477,29,1.050431582,14,11156,0.5655,0.5091,0.63,0
234,225,Twic East,Jonglei,2013,114868,0.041917679,94,8.183306056,0,38802.5,0.4821,0.5531,0.5,0
235,226,Ulang,Upper Nile,2013,115797,0.01985371,27,2.331666623,0,39.2,0.5132,0.5208,0.38,0
236,227,Uror,Jonglei,2013,241622,0.042194006,0,0,0,7737.438,0.5946,0.5168,0.4,0
237,228,Wau,Western Bahr el Ghazal,2013,204779,0.042294376,50,2.441656615,23,512211.77,0.5672,0.53214,0.41,medium_airport
238,229,Wulu,Lakes,2013,56592,0.042585524,0,0,0,17319.3,0.5521,0.4763,0.4,0
239,230,Yambio,Western Equatoria,2013,205937,0.044460199,0,0,27,122764.01,0.5201,0.4917,0.38,small_airport
240,231,Yei,Central Equatoria,2013,271390,0.044224179,0,0,26,49380,0.5508,0.533,0.34,small_airport
241,232,Yirol East,Lakes,2013,90005,0.041675462,0,0,0,15400,0.534,0.5044,0.53,0
242,233,Yirol West,Lakes,2013,142422,0.042725141,8,0.561710972,0,84600,0.5392,0.503,0.51,small_airport
243,234,Abiemnhom,Unity,2014,24080,0.036420266,0,0,0,15,0.5277,0.5003,0.53,0
244,235,Akobo,Jonglei,2014,191996,0.040964395,8,0.416675347,0,39500,0.5063,0.5114,0.52,small_airport
245,236,Aweil Centre,Northern Bahr el Ghazal,2014,57442,0.021743672,1,0.174088646,6,143810.86,0.5897,0.4962,0.76,small_airport
246,237,Aweil East,Northern Bahr el Ghazal,2014,436824,0.043656026,3,0.068677545,21,89617.614,0.5946,0.5288,0.75,0
247,238,Aweil North,Northern Bahr el Ghazal,2014,184654,0.057133883,0,0,22,57690.84,0.5856,0.5275,0.77,0
248,239,Aweil South,Northern Bahr el Ghazal,2014,102639,0.04247898,0,0,6,78502,0.5441,0.5218,0.82,0
249,240,Aweil West,Northern Bahr el Ghazal,2014,230777,0.03435351,31,1.343288109,16,72439.62,0.602,0.5112,0.67,0
250,241,Awerial,Lakes,2014,66441,0.039975316,3,0.451528424,1,22105.4,0.5854,0.513,0.48,0
251,242,Ayod,Jonglei,2014,196759,0.03954584,312,15.85696207,0,13304,0.5037,0.5032,0.62,0
252,243,Baliet,Upper Nile,2014,69782,0.05765097,37,5.302226935,0,0,0.611,0.4644,0.32,0
253,244,Bor South,Jonglei,2014,311976,0.040660179,517,16.57178757,11,87516.84,0.5447,0.4924,0.5,small_airport
254,245,Budi,Eastern Equatoria,2014,138097,0.041680848,3,0.217238608,13,37500,0.5634,0.5293,0.57,0
255,246,Canal/Pigi,Jonglei,2014,138299,0.030144831,68,4.916882985,0,0,0.4499,0.5086,0.44,0
256,247,Cueibet,Lakes,2014,166065,0.040231235,142,8.550868636,0,49743,0.547,0.4728,0.49,0
257,248,Duk,Jonglei,2014,92098,0.04286738,76,8.252079307,2,16709.7,0.5428,0.5002,0.54,0
258,249,Ezo,Western Equatoria,2014,109439,0.047853142,1,0.091375104,7,14527.9,0.5013,0.5319,0.45,0
259,250,Fangak,Jonglei,2014,155636,0.041552083,128,8.224318281,0,0,0.5839,0.4698,0.55,0
260,250,Fangak,Jonglei,2014,155636,0.041552083,128,8.224318281,0,819.98,0.5839,0.4698,0.55,0
261,251,Fashoda,Upper Nile,2014,51465,0.041018168,0,0,1,5900,0.545,0.531,0.21,0
262,252,Gogrial East,Warrap,2014,140868,0.015553568,0,0,13,21100,0.5588,0.4879,0.64,0
263,253,Gogrial West,Warrap,2014,343953,0.038397688,8,0.232589918,12,49305.6,0.558,0.4828,0.63,0
264,254,Guit,Unity,2014,48878,0.046360326,43,8.797413969,0,0,0.592,0.5118,0.75,0
265,255,Ibba,Western Equatoria,2014,58769,0.041093093,0,0,5,11670,0.5326,0.4638,0.44,small_airport
266,256,Ikotos,Eastern Equatoria,2014,120495,0.040823271,0,0,12,33300,0.5351,0.5271,0.46,0
267,257,Juba,Central Equatoria,2014,638799,0.213629013,104,1.628055147,33,9802.14,0.4844,0.5165,0.36,large_airport
268,258,Jur River,Western Bahr el Ghazal,2014,180004,0.039515789,206,11.44419013,23,203479.66,0.5908,0.5256,0.6,0
269,259,Kajo-keji,Central Equatoria,2014,214827,-0.238806109,2,0.093098167,26,67082.3,0.162,0.4712,0.45,small_airport
270,260,Kapoeta East,Eastern Equatoria,2014,257519,0.041627996,0,0,7,190235,0.5607,0.4842,0.46,small_airport
271,261,Kapoeta North,Eastern Equatoria,2014,143947,0.0405427,0,0,4,11803.8,0.595,0.4827,0.58,0
272,262,Kapoeta South,Eastern Equatoria,2014,112253,0.041148121,23,2.048943013,0,17083.9,0.6188,0.49894,0.47,small_airport
273,262,Kapoeta South,Eastern Equatoria,2014,112253,0.041148121,23,2.048943013,0,17083.9,0.6188,0.49894,0.47,small_airport
274,263,Koch,Unity,2014,106521,0.033833704,0,0,0,6009.2,0.532,0.5451,0.67,0
275,264,Lafon,Eastern Equatoria,2014,148485,0.041485672,0,0,1,5600,0.586,0.536,0.49,0
276,265,Lainya,Central Equatoria,2014,125702,0.03917201,0,0,14,104200,0.42,0.472,0.44,0
277,266,Leer,Unity,2014,74599,0.042198957,51,6.836552769,0,0,0.5245,0.5321,0.72,0
278,267,Longochuk,Upper Nile,2014,90756,0.035909472,70,7.712988673,0,30179,0.5527,0.5065,0.31,0
279,268,Luakpiny/Nasir,Upper Nile,2014,296148,0.03761295,156,5.267636452,0,34943,0.5795,0.5293,0.32,0
280,269,Maban,Upper Nile,2014,61988,0.056398013,62,10.00193586,0,70,0.5768,0.5001,0.26,0
281,270,Magwi,Eastern Equatoria,2014,237224,0.042381884,0,0,12,7930.14,0.5335,0.487,0.36,small_airport
282,271,Maiwut,Upper Nile,2014,113831,0.04586624,3,0.263548594,0,0,0.5452,0.4675,0.27,0
283,272,Malakal,Upper Nile,2014,178423,0.040269472,207,11.60164329,0,0,0.232,0.4044,0.12,medium_airport
284,273,Manyo,Upper Nile,2014,46429,-0.057787159,35,7.538391953,0,0,0.4153,0.4881,0.19,0
285,274,Maridi,Western Equatoria,2014,116108,0.041263307,13,1.119647225,19,31861.36,0.5102,0.5351,0.35,small_airport
286,275,Mayendit,Unity,2014,72832,0.043442443,5,0.686511424,0,14512.32,0.5528,0.4934,0.77,0
287,276,Mayom,Unity,2014,174058,0.063530547,270,15.51207069,0,81.5,0.5719,0.5077,0.73,0
288,277,Melut,Upper Nile,2014,69026,0.036725292,91,13.18343812,0,0,0.6177,0.4976,0.21,0
289,278,Morobo,Central Equatoria,2014,102475,-0.330822152,0,0,6,11160,0.5275,0.4899,0.41,0
290,279,Mundri East,Western Equatoria,2014,68207,0.042107115,0,0,0,4680,0.4707,0.4727,0.45,0
291,280,Mundri West,Western Equatoria,2014,47546,0.042590334,17,3.575484794,8,38004,0.566,0.4822,0.54,small_airport
292,281,Mvolo,Western Equatoria,2014,68226,0.046375282,3,0.439715065,9,33842.5,0.5574,0.4886,0.53,small_airport
293,282,Nagero,Western Equatoria,2014,14094,0.041010359,0,0,2,1793.1,0.438,0.51944,0.49,0
294,283,Nyirol,Jonglei,2014,153751,0.042126555,0,0,0,12810,0.5759,0.504,0.43,0
295,284,Nzara,Western Equatoria,2014,92390,0.04012339,0,0,8,23950.45,0.5421,0.5175,0.37,small_airport
296,285,Panyijiar,Unity,2014,71485,0.042204658,90,12.59005386,0,122034.3,0.5827,0.50005,0.7,0
297,286,Panyikang,Upper Nile,2014,63036,0.04830573,440,69.80138334,0,0,0.237,0.4184,0.21,0
298,287,Pariang,Unity,2014,115859,0.039945106,214,18.47072735,0,0,0.5563,0.5024,0.74,0
299,288,Pibor,Jonglei,2014,209590,0.040822558,0,0,0,9680,0.547,0.5222,0.44,small_airport
300,289,Pochalla,Jonglei,2014,93504,0.040597194,40,4.277891855,0,18.8,0.6082,0.55756,0.56,small_airport
301,290,Raga,Western Bahr el Ghazal,2014,65685,0.020552638,37,5.632945117,8,105686.15,0.5616,0.4897,0.4,small_airport
302,291,Renk,Upper Nile,2014,192920,0.048304997,195,10.10781671,0,0,0.5837,0.4701,0.22,medium_airport
303,291,Renk,Upper Nile,2014,192920,0.048304997,195,10.10781671,0,0,0.5837,0.4701,0.22,small_airport
304,292,Rubkona,Unity,2014,141431,0.043915408,1401,99.05890505,0,10000,0.5294,0.5059,0.5,small_airport
305,293,Rumbek Centre,Lakes,2014,215962,0.041252628,88,4.074790935,0,158437,0.5838,0.4916,0.44,small_airport
306,294,Rumbek East,Lakes,2014,169575,0.039964617,264,15.5683326,0,186990,0.5579,0.5095,0.46,0
307,295,Rumbek North,Lakes,2014,61048,0.040115974,231,37.83907745,0,1810.3,0.6121,0.5188,0.57,0
308,296,Tambura,Western Equatoria,2014,75749,0.04735376,2,0.264029888,8,19559.8,0.5226,0.525,0.36,small_airport
309,297,Terekeka,Central Equatoria,2014,187686,-0.011647113,20,1.065609582,23,25817.7,0.5166,0.5185,0.69,0
310,298,Tonj East,Warrap,2014,164127,0.043094677,3,0.182785282,8,57492.7,0.5684,0.4503,0.67,0
311,299,Tonj North,Warrap,2014,236110,0.038291474,23,0.974122231,8,64348.8,0.5137,0.5101,0.67,0
312,300,Tonj South,Warrap,2014,122969,0.041929267,238,19.35447145,8,53108.8,0.5357,0.4849,0.56,small_airport
313,301,Torit,Eastern Equatoria,2014,140637,0.039690835,60,4.266302609,14,10117.5,0.555,0.536,0.39,small_airport
314,302,Twic,Warrap,2014,285835,0.034138576,114,3.988314937,14,11156,0.5655,0.5091,0.63,0
315,303,Twic East,Jonglei,2014,119829,0.041400663,28,2.336663078,0,38802.5,0.4821,0.5531,0.5,0
316,304,Ulang,Upper Nile,2014,120848,0.041796306,0,0,0,39.2,0.5132,0.5208,0.38,0
317,305,Uror,Jonglei,2014,251560,0.039505486,183,7.274606456,0,7737.438,0.5946,0.5168,0.4,0
318,306,Wau,Western Bahr el Ghazal,2014,213758,0.042005445,6,0.280691249,23,512211.77,0.5672,0.53214,0.41,medium_airport
319,307,Wulu,Lakes,2014,59030,0.041301033,0,0,0,17319.3,0.5521,0.4763,0.4,0
320,308,Yambio,Western Equatoria,2014,214662,0.040645294,2,0.093169727,27,122764.01,0.5201,0.4917,0.38,small_airport
321,309,Yei,Central Equatoria,2014,278004,0.023791025,9,0.323736349,26,49380,0.5508,0.533,0.34,small_airport
322,310,Yirol East,Lakes,2014,93900,0.041480298,0,0,0,15400,0.534,0.5044,0.53,0
323,311,Yirol West,Lakes,2014,147946,0.037337948,7,0.473145607,0,84600,0.5392,0.503,0.51,small_airport
324,312,Abiemnhom,Unity,2015,31683,0.239970962,0,0,0,15,0.5277,0.5003,0.53,0
325,313,Akobo,Jonglei,2015,188273,-0.019774476,56,2.97440419,0,39500,0.5063,0.5114,0.52,small_airport
326,314,Aweil Centre,Northern Bahr el Ghazal,2015,87394,0.342723757,0,0,6,143810.86,0.5897,0.4962,0.76,small_airport
327,315,Aweil East,Northern Bahr el Ghazal,2015,431148,-0.013164853,4,0.092775567,21,89617.614,0.5946,0.5288,0.75,0
328,316,Aweil North,Northern Bahr el Ghazal,2015,206227,0.104608029,0,0,22,57690.84,0.5856,0.5275,0.77,0
329,317,Aweil South,Northern Bahr el Ghazal,2015,100235,-0.023983638,0,0,6,78502,0.5441,0.5218,0.82,0
330,318,Aweil West,Northern Bahr el Ghazal,2015,234997,0.017957676,36,1.53193445,16,72439.62,0.602,0.5112,0.67,0
331,319,Awerial,Lakes,2015,70333,0.055336755,0,0,1,22105.4,0.5854,0.513,0.48,0
332,320,Ayod,Jonglei,2015,205460,0.042348876,283,13.7739706,0,13304,0.5037,0.5032,0.62,0
333,321,Baliet,Upper Nile,2015,102762,0.320935754,5,0.48656118,0,0,0.611,0.4644,0.32,0
334,322,Bor South,Jonglei,2015,325643,0.041969273,37,1.136213584,11,87516.84,0.5447,0.4924,0.5,small_airport
335,323,Budi,Eastern Equatoria,2015,141506,0.024090851,2,0.141336763,13,37500,0.5634,0.5293,0.57,0
336,324,Canal/Pigi,Jonglei,2015,142551,0.029827921,15,1.052254982,0,0,0.4499,0.5086,0.44,0
337,325,Cueibet,Lakes,2015,171516,0.031781292,38,2.215536743,0,49743,0.547,0.4728,0.49,0
338,326,Duk,Jonglei,2015,95443,0.035047096,9,0.942971197,2,16709.7,0.5428,0.5002,0.54,0
339,327,Ezo,Western Equatoria,2015,113365,0.0346315,4,0.352842588,7,14527.9,0.5013,0.5319,0.45,0
340,328,Fangak,Jonglei,2015,159893,0.026624055,0,0,0,0,0.5839,0.4698,0.55,0
341,328,Fangak,Jonglei,2015,159893,0.026624055,0,0,0,819.98,0.5839,0.4698,0.55,0
342,329,Fashoda,Upper Nile,2015,47524,-0.082926521,24,5.05007996,1,5900,0.545,0.531,0.21,0
343,330,Gogrial East,Warrap,2015,144706,0.026522743,21,1.451218332,13,21100,0.5588,0.4879,0.64,0
344,331,Gogrial West,Warrap,2015,311870,-0.102872992,39,1.25052105,12,49305.6,0.558,0.4828,0.63,0
345,332,Guit,Unity,2015,38436,-0.27167239,95,24.7164117,0,0,0.592,0.5118,0.75,0
346,333,Ibba,Western Equatoria,2015,59867,0.018340655,0,0,5,11670,0.5326,0.4638,0.44,small_airport
347,334,Ikotos,Eastern Equatoria,2015,107072,-0.125364241,3,0.280185296,12,33300,0.5351,0.5271,0.46,0
348,335,Juba,Central Equatoria,2015,528544,-0.208601365,165,3.121783617,33,9802.14,0.4844,0.5165,0.36,large_airport
349,336,Jur River,Western Bahr el Ghazal,2015,142329,-0.264703609,11,0.772857253,23,203479.66,0.5908,0.5256,0.6,0
350,337,Kajo-keji,Central Equatoria,2015,272878,0.212736095,11,0.403110548,26,67082.3,0.162,0.4712,0.45,small_airport
351,338,Kapoeta East,Eastern Equatoria,2015,240403,-0.071197115,0,0,7,190235,0.5607,0.4842,0.46,small_airport
352,339,Kapoeta North,Eastern Equatoria,2015,146527,0.017607676,7,0.477727654,4,11803.8,0.595,0.4827,0.58,0
353,340,Kapoeta South,Eastern Equatoria,2015,109765,-0.022666606,0,0,0,17083.9,0.6188,0.49894,0.47,small_airport
354,340,Kapoeta South,Eastern Equatoria,2015,109765,-0.022666606,0,0,0,17083.9,0.6188,0.49894,0.47,small_airport
355,341,Koch,Unity,2015,115691,0.079262864,125,10.8046434,0,6009.2,0.532,0.5451,0.67,0
356,342,Lafon,Eastern Equatoria,2015,86583,-0.714944042,3,0.346488341,1,5600,0.586,0.536,0.49,0
357,343,Lainya,Central Equatoria,2015,132662,0.052464157,35,2.638283759,14,104200,0.42,0.472,0.44,0
358,344,Leer,Unity,2015,79520,0.061883803,492,61.87122736,0,0,0.5245,0.5321,0.72,0
359,345,Longochuk,Upper Nile,2015,162036,0.439902244,0,0,0,30179,0.5527,0.5065,0.31,0
360,346,Luakpiny/Nasir,Upper Nile,2015,283397,-0.044993419,29,1.02329947,0,34943,0.5795,0.5293,0.32,0
361,347,Maban,Upper Nile,2015,63719,0.027166151,38,5.963684301,0,70,0.5768,0.5001,0.26,0
362,348,Magwi,Eastern Equatoria,2015,245674,0.034395174,20,0.814086961,12,7930.14,0.5335,0.487,0.36,small_airport
363,349,Maiwut,Upper Nile,2015,120843,0.058025703,0,0,0,0,0.5452,0.4675,0.27,0
364,350,Malakal,Upper Nile,2015,182700,0.023409962,203,11.11111111,0,0,0.232,0.4044,0.12,medium_airport
365,351,Manyo,Upper Nile,2015,52618,0.117621346,88,16.72431487,0,0,0.4153,0.4881,0.19,0
366,352,Maridi,Western Equatoria,2015,116347,0.0020542,53,4.555338771,19,31861.36,0.5102,0.5351,0.35,small_airport
367,353,Mayendit,Unity,2015,91282,0.2021209,133,14.5702329,0,14512.32,0.5528,0.4934,0.77,0
368,354,Mayom,Unity,2015,185773,0.063060832,81,4.36015998,0,81.5,0.5719,0.5077,0.73,0
369,355,Melut,Upper Nile,2015,73620,0.062401521,62,8.421624559,0,0,0.6177,0.4976,0.21,0
370,356,Morobo,Central Equatoria,2015,136413,0.248788605,6,0.439840778,6,11160,0.5275,0.4899,0.41,0
371,357,Mundri East,Western Equatoria,2015,85452,0.201809203,14,1.638346674,0,4680,0.4707,0.4727,0.45,0
372,358,Mundri West,Western Equatoria,2015,61436,0.226088938,90,14.64939124,8,38004,0.566,0.4822,0.54,small_airport
373,359,Mvolo,Western Equatoria,2015,73196,0.067899885,0,0,9,33842.5,0.5574,0.4886,0.53,small_airport
374,360,Nagero,Western Equatoria,2015,15405,0.08510224,0,0,2,1793.1,0.438,0.51944,0.49,0
375,361,Nyirol,Jonglei,2015,168797,0.089136655,28,1.658797254,0,12810,0.5759,0.504,0.43,0
376,362,Nzara,Western Equatoria,2015,99151,0.068188924,13,1.311131506,8,23950.45,0.5421,0.5175,0.37,small_airport
377,363,Panyijiar,Unity,2015,74465,0.040018801,32,4.297320889,0,122034.3,0.5827,0.50005,0.7,0
378,364,Panyikang,Upper Nile,2015,33193,-0.899075106,24,7.230440153,0,0,0.237,0.4184,0.21,0
379,365,Pariang,Unity,2015,117272,0.012048912,139,11.85278668,0,0,0.5563,0.5024,0.74,0
380,366,Pibor,Jonglei,2015,219406,0.044738977,5,0.227888025,0,9680,0.547,0.5222,0.44,small_airport
381,367,Pochalla,Jonglei,2015,94153,0.006893036,13,1.380731363,0,18.8,0.6082,0.55756,0.56,small_airport
382,368,Raga,Western Bahr el Ghazal,2015,70514,0.068482854,31,4.396290098,8,105686.15,0.5616,0.4897,0.4,small_airport
383,369,Renk,Upper Nile,2015,204853,0.058251527,35,1.708542223,0,0,0.5837,0.4701,0.22,medium_airport
384,369,Renk,Upper Nile,2015,204853,0.058251527,35,1.708542223,0,0,0.5837,0.4701,0.22,small_airport
385,370,Rubkona,Unity,2015,158885,0.109853038,116,7.300877994,0,10000,0.5294,0.5059,0.5,small_airport
386,371,Rumbek Centre,Lakes,2015,330992,0.347531058,317,9.57727075,0,158437,0.5838,0.4916,0.44,small_airport
387,372,Rumbek East,Lakes,2015,105757,-0.603439961,72,6.808059987,0,186990,0.5579,0.5095,0.46,0
388,373,Rumbek North,Lakes,2015,56847,-0.073900118,7,1.231375446,0,1810.3,0.6121,0.5188,0.57,0
389,374,Tambura,Western Equatoria,2015,78384,0.033616554,0,0,8,19559.8,0.5226,0.525,0.36,small_airport
390,375,Terekeka,Central Equatoria,2015,195018,0.03759653,11,0.564050498,23,25817.7,0.5166,0.5185,0.69,0
391,376,Tonj East,Warrap,2015,179737,0.086849118,90,5.007316245,8,57492.7,0.5684,0.4503,0.67,0
392,377,Tonj North,Warrap,2015,247388,0.045588307,65,2.627451614,8,64348.8,0.5137,0.5101,0.67,0
393,378,Tonj South,Warrap,2015,121827,-0.009373948,6,0.492501662,8,53108.8,0.5357,0.4849,0.56,small_airport
394,379,Torit,Eastern Equatoria,2015,152296,0.076554867,41,2.69212586,14,10117.5,0.555,0.536,0.39,small_airport
395,380,Twic,Warrap,2015,298720,0.043134039,5,0.167380825,14,11156,0.5655,0.5091,0.63,0
396,381,Twic East,Jonglei,2015,117806,-0.0171723,53,4.498921956,0,38802.5,0.4821,0.5531,0.5,0
397,382,Ulang,Upper Nile,2015,120030,-0.006814963,0,0,0,39.2,0.5132,0.5208,0.38,0
398,383,Uror,Jonglei,2015,264325,0.048292821,0,0,0,7737.438,0.5946,0.5168,0.4,0
399,384,Wau,Western Bahr el Ghazal,2015,249343,0.142715055,80,3.208431759,23,512211.77,0.5672,0.53214,0.41,medium_airport
400,385,Wulu,Lakes,2015,68055,0.132613327,1,0.146939975,0,17319.3,0.5521,0.4763,0.4,0
401,386,Yambio,Western Equatoria,2015,209825,-0.023052544,40,1.90635053,27,122764.01,0.5201,0.4917,0.38,small_airport
402,387,Yei,Central Equatoria,2015,294972,0.057524104,4,0.135606091,26,49380,0.5508,0.533,0.34,small_airport
403,388,Yirol East,Lakes,2015,117978,0.204088898,0,0,0,15400,0.534,0.5044,0.53,0
404,389,Yirol West,Lakes,2015,100953,-0.465493844,35,3.466959872,0,84600,0.5392,0.503,0.51,small_airport
